date,country,new_cases_country,rank
2020-01-22,China,547,1
2020-01-22,Thailand,4,2
2020-01-22,Japan,2,3
2020-01-22,South Korea,1,4
2020-01-22,Taiwan,1,5
2020-01-23,China,92,1
2020-01-23,Hong Kong,2,2
2020-01-23,Vietnam,2,3
2020-01-23,Singapore,1,4
2020-01-23,Macau,1,5
2020-01-24,China,277,1
2020-01-24,Singapore,2,2
2020-01-24,Taiwan,2,3
2020-01-24,France,2,4
2020-01-24,Thailand,1,5
2020-01-25,China,483,1
2020-01-25,Australia,4,2
2020-01-25,Hong Kong,3,3
2020-01-25,Malaysia,3,4
2020-01-25,France,1,5
2020-01-26,China,663,1
2020-01-26,Macau,3,2
2020-01-26,US,3,3
2020-01-26,Hong Kong,3,4
2020-01-26,Thailand,2,5
2020-01-27,China,801,1
2020-01-27,Australia,5,2
2020-01-27,Singapore,1,3
2020-01-27,Macau,1,4
2020-01-27,Taiwan,1,5
2020-01-28,China,2631,1
2020-01-28,Thailand,6,2
2020-01-28,Germany,4,3
2020-01-28,Taiwan,3,4
2020-01-28,Japan,3,5
2020-01-29,China,576,1
2020-01-29,United Arab Emirates,4,2
2020-01-29,Malaysia,3,3
2020-01-29,Hong Kong,2,4
2020-01-29,Finland,1,5
2020-01-30,China,2054,1
2020-01-30,Australia,4,2
2020-01-30,Japan,4,3
2020-01-30,Singapore,3,4
2020-01-30,Malaysia,1,5
2020-01-31,China,1659,1
2020-01-31,South Korea,7,2
2020-01-31,Thailand,5,3
2020-01-31,Japan,4,4
2020-01-31,Singapore,3,5
2020-02-01,China,2088,1
2020-02-01,US,8,2
2020-02-01,Germany,8,3
2020-02-01,Japan,5,4
2020-02-01,Vietnam,4,5
2020-02-02,China,4736,1
2020-02-02,South Korea,3,2
2020-02-02,Germany,2,3
2020-02-02,Singapore,2,4
2020-02-02,Hong Kong,2,5
2020-02-03,China,3086,1
2020-02-03,US,3,2
2020-02-03,Germany,2,3
2020-02-03,Vietnam,2,4
2020-02-03,India,1,5
2020-02-04,China,3987,1
2020-02-04,Singapore,6,2
2020-02-04,Thailand,6,3
2020-02-04,Canada,3,4
2020-02-04,Malaysia,2,5
2020-02-05,China,3729,1
2020-02-05,Singapore,4,2
2020-02-05,Hong Kong,4,3
2020-02-05,South Korea,3,4
2020-02-05,Malaysia,2,5
2020-02-06,China,3144,1
2020-02-06,Japan,23,2
2020-02-06,Taiwan,5,3
2020-02-06,South Korea,4,4
2020-02-06,Hong Kong,3,5
2020-02-07,China,3522,1
2020-02-07,Others,61,2
2020-02-07,Singapore,2,3
2020-02-07,Canada,2,4
2020-02-07,Germany,1,5
2020-02-08,China,2703,1
2020-02-08,Thailand,7,2
2020-02-08,France,5,3
2020-02-08,Malaysia,4,4
2020-02-08,Singapore,3,5
2020-02-09,China,3012,1
2020-02-09,Others,64,2
2020-02-09,Singapore,7,3
2020-02-09,Hong Kong,3,4
2020-02-09,Germany,1,5
2020-02-10,China,2516,1
2020-02-10,Others,71,2
2020-02-10,Hong Kong,9,3
2020-02-10,Singapore,5,4
2020-02-10,UK,5,5
2020-02-11,China,2021,1
2020-02-11,Hong Kong,11,2
2020-02-11,Germany,2,3
2020-02-11,Singapore,2,4
2020-02-11,Thailand,1,5
2020-02-12,China,372,1
2020-02-12,Others,40,2
2020-02-12,Singapore,3,3
2020-02-12,Japan,2,4
2020-02-12,UK,1,5
2020-02-13,China,15133,1
2020-02-13,Singapore,8,2
2020-02-13,Hong Kong,3,3
2020-02-13,US,2,4
2020-02-13,Malaysia,1,5
2020-02-14,China,6460,1
2020-02-14,Others,43,2
2020-02-14,Singapore,9,3
2020-02-14,Hong Kong,3,4
2020-02-14,Japan,1,5
2020-02-15,China,2055,1
2020-02-15,Others,67,2
2020-02-15,Japan,14,3
2020-02-15,Singapore,5,4
2020-02-15,Malaysia,3,5
2020-02-16,China,2099,1
2020-02-16,Others,70,2
2020-02-16,Japan,16,3
2020-02-16,Singapore,3,4
2020-02-16,Taiwan,2,5
2020-02-17,China,1918,1
2020-02-17,Others,99,2
2020-02-17,Japan,7,3
2020-02-17,Hong Kong,3,4
2020-02-17,Singapore,2,5
2020-02-18,China,1775,1
2020-02-18,Others,88,2
2020-02-18,Japan,8,3
2020-02-18,Singapore,4,4
2020-02-18,Hong Kong,2,5
2020-02-19,China,407,1
2020-02-19,Others,79,2
2020-02-19,Japan,10,3
2020-02-19,Singapore,3,4
2020-02-19,Iran,2,5
2020-02-20,China,453,1
2020-02-20,South Korea,73,2
2020-02-20,Others,13,3
2020-02-20,Japan,10,4
2020-02-20,Hong Kong,5,5
2020-02-21,China,473,1
2020-02-21,South Korea,100,2
2020-02-21,US,20,3
2020-02-21,Italy,17,4
2020-02-21,Iran,13,5
2020-02-22,China,1450,1
2020-02-22,South Korea,229,2
2020-02-22,Italy,42,3
2020-02-22,US,18,4
2020-02-22,Japan,17,5
2020-02-23,South Korea,169,1
2020-02-23,Italy,93,2
2020-02-23,Others,57,3
2020-02-23,Japan,25,4
2020-02-23,China,16,5
2020-02-24,South Korea,231,1
2020-02-24,China,214,2
2020-02-24,Italy,74,3
2020-02-24,US,36,4
2020-02-24,Iran,18,5
2020-02-25,China,508,1
2020-02-25,South Korea,144,2
2020-02-25,Italy,93,3
2020-02-25,Iran,34,4
2020-02-25,Bahrain,22,5
2020-02-26,China,405,1
2020-02-26,South Korea,284,2
2020-02-26,Italy,131,3
2020-02-26,Iran,44,4
2020-02-26,Japan,19,5
2020-02-27,South Korea,505,1
2020-02-27,China,433,2
2020-02-27,Italy,202,3
2020-02-27,Iran,106,4
2020-02-27,Japan,25,5
2020-02-28,South Korea,571,1
2020-02-28,China,326,2
2020-02-28,Italy,233,3
2020-02-28,Iran,143,4
2020-02-28,France,19,5
2020-02-29,South Korea,813,1
2020-02-29,China,427,2
2020-02-29,Italy,240,3
2020-02-29,Iran,205,4
2020-02-29,France,43,5
2020-03-01,South Korea,586,1
2020-03-01,China,575,2
2020-03-01,Italy,566,3
2020-03-01,Iran,385,4
2020-03-01,Germany,51,5
2020-03-02,South Korea,599,1
2020-03-02,Iran,523,2
2020-03-02,Italy,342,3
2020-03-02,China,200,4
2020-03-02,France,61,5
2020-03-03,South Korea,851,1
2020-03-03,Iran,835,2
2020-03-03,Italy,466,3
2020-03-03,China,125,4
2020-03-03,Spain,45,5
2020-03-04,Italy,587,1
2020-03-04,Iran,586,2
2020-03-04,South Korea,435,3
2020-03-04,China,120,4
2020-03-04,France,73,5
2020-03-05,Italy,769,1
2020-03-05,Iran,591,2
2020-03-05,South Korea,467,3
2020-03-05,Germany,220,4
2020-03-05,China,151,5
2020-03-06,Iran,1234,1
2020-03-06,Italy,778,2
2020-03-06,South Korea,505,3
2020-03-06,France,190,4
2020-03-06,Germany,188,5
2020-03-07,Italy,1247,1
2020-03-07,Iran,1076,2
2020-03-07,South Korea,448,3
2020-03-07,France,325,4
2020-03-07,US,169,5
2020-03-08,Italy,1492,1
2020-03-08,Iran,743,2
2020-03-08,South Korea,273,3
2020-03-08,Germany,241,4
2020-03-08,France,177,5
2020-03-09,Italy,1797,1
2020-03-09,Iran,595,2
2020-03-09,Spain,400,3
2020-03-09,France,286,4
2020-03-09,South Korea,164,5
2020-03-10,Italy,977,1
2020-03-10,US,953,2
2020-03-10,Iran,881,3
2020-03-10,Spain,622,4
2020-03-10,France,372,5
2020-03-11,Italy,2313,1
2020-03-11,France,2284,2
2020-03-11,Iran,958,3
2020-03-11,Spain,582,4
2020-03-11,UK,459,5
2020-03-12,Iran,1075,1
2020-03-12,US,382,2
2020-03-12,Denmark,173,3
2020-03-12,Germany,170,4
2020-03-12,South Korea,114,5
2020-03-13,Italy,5198,1
2020-03-13,Spain,2955,2
2020-03-13,Germany,1597,3
2020-03-13,France,1383,4
2020-03-13,Iran,1289,5
2020-03-14,Italy,3497,1
2020-03-14,Iran,1365,2
2020-03-14,Spain,1159,3
2020-03-14,Germany,910,4
2020-03-14,France,813,5
2020-03-15,Italy,3590,1
2020-03-15,Spain,1407,2
2020-03-15,Germany,1210,3
2020-03-15,Iran,1209,4
2020-03-15,Switzerland,841,5
2020-03-16,Italy,3233,1
2020-03-16,Spain,2144,2
2020-03-16,France,2139,3
2020-03-16,Germany,1477,4
2020-03-16,Netherlands,1414,5
2020-03-17,Italy,3526,1
2020-03-17,Germany,1985,2
2020-03-17,Spain,1806,3
2020-03-17,US,1789,4
2020-03-17,Iran,1178,5
2020-03-18,Italy,4207,1
2020-03-18,Germany,3070,2
2020-03-18,Spain,2162,3
2020-03-18,US,1428,4
2020-03-18,France,1392,5
2020-03-19,US,5894,1
2020-03-19,Italy,5322,2
2020-03-19,Spain,4053,3
2020-03-19,Germany,2993,4
2020-03-19,France,1834,5
2020-03-20,Italy,5986,1
2020-03-20,US,5426,2
2020-03-20,Germany,4528,3
2020-03-20,Spain,2447,4
2020-03-20,France,1746,5
2020-03-21,Italy,6557,1
2020-03-21,US,6413,2
2020-03-21,Spain,4964,3
2020-03-21,Germany,2365,4
2020-03-21,France,1676,5
2020-03-22,France,14930,1
2020-03-22,US,8408,2
2020-03-22,Italy,5560,3
2020-03-22,UK,5310,4
2020-03-22,Spain,3229,5
2020-03-23,France,19927,1
2020-03-23,US,9926,2
2020-03-23,Spain,6533,3
2020-03-23,Italy,4789,4
2020-03-23,Germany,4183,5
2020-03-24,US,10122,1
2020-03-24,France,5565,2
2020-03-24,Italy,5249,3
2020-03-24,Spain,4749,4
2020-03-24,Germany,3930,5
2020-03-25,US,12085,1
2020-03-25,Spain,9630,2
2020-03-25,Italy,5210,3
2020-03-25,Germany,4337,4
2020-03-25,France,2962,5
2020-03-26,US,18012,1
2020-03-26,Spain,8271,2
2020-03-26,Germany,6615,3
2020-03-26,Italy,6203,4
2020-03-26,France,3918,5
2020-03-27,US,17894,1
2020-03-27,Spain,7933,2
2020-03-27,Germany,6933,3
2020-03-27,Italy,5909,4
2020-03-27,France,3795,5
2020-03-28,US,19825,1
2020-03-28,Spain,7516,2
2020-03-28,Germany,6824,3
2020-03-28,Italy,5974,4
2020-03-28,France,4645,5
2020-03-29,US,19406,1
2020-03-29,Spain,6875,2
2020-03-29,Italy,5217,3
2020-03-29,Germany,4400,4
2020-03-29,Iran,2901,5
2020-03-30,US,21035,1
2020-03-30,Spain,7846,2
2020-03-30,Germany,4790,3
2020-03-30,France,4354,4
2020-03-30,Italy,4050,5
2020-03-31,US,26284,1
2020-03-31,Spain,7967,2
2020-03-31,France,7629,3
2020-03-31,Germany,4923,4
2020-03-31,Italy,4053,5
2020-04-01,US,25206,1
2020-04-01,Spain,8195,2
2020-04-01,Germany,6064,3
2020-04-01,France,4844,4
2020-04-01,Italy,4782,5
2020-04-02,US,30267,1
2020-04-02,Spain,7947,2
2020-04-02,Germany,6922,3
2020-04-02,Italy,4668,4
2020-04-02,UK,4309,5
2020-04-03,US,32118,1
2020-04-03,Spain,7134,2
2020-04-03,Germany,6365,3
2020-04-03,France,5224,4
2020-04-03,Italy,4585,5
2020-04-04,US,33227,1
2020-04-04,Spain,6969,2
2020-04-04,Germany,4933,3
2020-04-04,Italy,4805,4
2020-04-04,France,4275,5
2020-04-05,US,28243,1
2020-04-05,UK,5959,2
2020-04-05,Spain,5478,3
2020-04-05,Italy,4316,4
2020-04-05,Germany,4031,5
2020-04-06,US,29648,1
2020-04-06,Spain,5029,2
2020-04-06,France,3913,3
2020-04-06,UK,3843,4
2020-04-06,Italy,3599,5
2020-04-07,US,29528,1
2020-04-07,Spain,5267,2
2020-04-07,Germany,4289,3
2020-04-07,Turkey,3892,4
2020-04-07,France,3791,5
2020-04-08,US,33005,1
2020-04-08,Spain,6278,2
2020-04-08,Germany,5633,3
2020-04-08,UK,5525,4
2020-04-08,Turkey,4117,5
2020-04-09,US,32387,1
2020-04-09,Spain,5002,2
2020-04-09,Germany,4885,3
2020-04-09,UK,4398,4
2020-04-09,France,4297,5
2020-04-10,US,35050,1
2020-04-10,UK,8733,2
2020-04-10,Spain,5051,3
2020-04-10,Turkey,4747,4
2020-04-10,France,4343,5
2020-04-11,US,29792,1
2020-04-11,UK,5269,2
2020-04-11,Turkey,5138,3
2020-04-11,Spain,4754,4
2020-04-11,Italy,4694,5
2020-04-12,US,28851,1
2020-04-12,France,26840,2
2020-04-12,UK,5332,3
2020-04-12,Turkey,4789,4
2020-04-12,Italy,4092,5
2020-04-13,US,25273,1
2020-04-13,UK,4364,2
2020-04-13,Turkey,4093,3
2020-04-13,France,3664,4
2020-04-13,Spain,3268,5
2020-04-14,US,27157,1
2020-04-14,France,5963,2
2020-04-14,UK,5275,3
2020-04-14,Turkey,4062,4
2020-04-14,Italy,2972,5
2020-04-15,US,28857,1
2020-04-15,Spain,5103,2
2020-04-15,UK,4638,3
2020-04-15,Turkey,4281,4
2020-04-15,Germany,3394,5
2020-04-16,US,31294,1
2020-04-16,France,12597,2
2020-04-16,Spain,7304,3
2020-04-16,Turkey,4801,4
2020-04-16,UK,4662,5
2020-04-17,US,32160,1
2020-04-17,Spain,5891,2
2020-04-17,UK,5624,3
2020-04-17,Turkey,4353,4
2020-04-17,Russia,4070,5
2020-04-18,US,32481,1
2020-04-18,UK,5545,2
2020-04-18,Russia,4785,3
2020-04-18,France,3823,4
2020-04-18,Turkey,3783,5
2020-04-19,US,26832,1
2020-04-19,Spain,6948,2
2020-04-19,Russia,6060,3
2020-04-19,UK,5858,4
2020-04-19,Turkey,3977,5
2020-04-20,US,25478,1
2020-04-20,UK,4684,2
2020-04-20,Turkey,4674,3
2020-04-20,Russia,4268,4
2020-04-20,France,2448,5
2020-04-21,US,27750,1
2020-04-21,Russia,5642,2
2020-04-21,Turkey,4611,3
2020-04-21,UK,4316,4
2020-04-21,Spain,3968,5
2020-04-22,US,28535,1
2020-04-22,Russia,5236,2
2020-04-22,UK,4466,3
2020-04-22,Spain,4211,4
2020-04-22,Italy,3370,5
2020-04-23,US,28795,1
2020-04-23,Russia,4774,2
2020-04-23,Spain,4635,3
2020-04-23,UK,4608,4
2020-04-23,Brazil,4279,5
2020-04-24,US,36340,1
2020-04-24,Ecuador,11536,2
2020-04-24,Spain,6740,3
2020-04-24,Russia,5849,4
2020-04-24,UK,5394,5
2020-04-25,US,32961,1
2020-04-25,Russia,5966,2
2020-04-25,Brazil,5281,3
2020-04-25,UK,4929,4
2020-04-25,Spain,3995,5
2020-04-26,US,27306,1
2020-04-26,Russia,6361,2
2020-04-26,UK,4468,3
2020-04-26,Brazil,3776,4
2020-04-26,Spain,2870,5
2020-04-27,US,22614,1
2020-04-27,Russia,6198,2
2020-04-27,Brazil,4346,3
2020-04-27,UK,4311,4
2020-04-27,France,3686,5
2020-04-28,US,24514,1
2020-04-28,Russia,6411,2
2020-04-28,Brazil,5789,3
2020-04-28,UK,4002,4
2020-04-28,France,3132,5
2020-04-29,US,27508,1
2020-04-29,Brazil,6450,2
2020-04-29,Russia,5841,3
2020-04-29,Spain,4771,4
2020-04-29,UK,4091,5
2020-04-30,US,29478,1
2020-04-30,Brazil,7502,2
2020-04-30,Russia,7099,3
2020-04-30,UK,6040,4
2020-04-30,Peru,3045,5
2020-05-01,US,34222,1
2020-05-01,Russia,7933,2
2020-05-01,UK,6204,3
2020-05-01,Brazil,5015,4
2020-05-01,Peru,3483,5
2020-05-02,US,28890,1
2020-05-02,Russia,9623,2
2020-05-02,Brazil,4898,3
2020-05-02,UK,4815,4
2020-05-02,Spain,3147,5
2020-05-03,US,25259,1
2020-05-03,Russia,10633,2
2020-05-03,Brazil,4726,3
2020-05-03,UK,4342,4
2020-05-03,Peru,3394,5
2020-05-04,US,22435,1
2020-05-04,Russia,10581,2
2020-05-04,Brazil,6794,3
2020-05-04,UK,3990,4
2020-05-04,India,3932,5
2020-05-05,US,24155,1
2020-05-05,Russia,10102,2
2020-05-05,Brazil,6835,3
2020-05-05,UK,4411,4
2020-05-05,Peru,3817,5
2020-05-06,US,24376,1
2020-05-06,Brazil,11156,2
2020-05-06,Russia,10559,3
2020-05-06,UK,6116,4
2020-05-06,France,4136,5
2020-05-07,US,28377,1
2020-05-07,Russia,11231,2
2020-05-07,Brazil,9162,3
2020-05-07,UK,5618,4
2020-05-07,Peru,3709,5
2020-05-08,US,27011,1
2020-05-08,Brazil,11121,2
2020-05-08,Russia,10699,3
2020-05-08,UK,4652,4
2020-05-08,India,3344,5
2020-05-09,US,25880,1
2020-05-09,Russia,10817,2
2020-05-09,Brazil,9167,3
2020-05-09,UK,3896,4
2020-05-09,Peru,3168,5
2020-05-10,US,19664,1
2020-05-10,Russia,11012,2
2020-05-10,Brazil,6638,3
2020-05-10,India,4353,4
2020-05-10,UK,3924,5
2020-05-11,US,18324,1
2020-05-11,Russia,11656,2
2020-05-11,Brazil,6895,3
2020-05-11,UK,3883,4
2020-05-11,India,3607,5
2020-05-12,US,22256,1
2020-05-12,Russia,10899,2
2020-05-12,Brazil,8620,3
2020-05-12,India,3524,4
2020-05-12,UK,3409,5
2020-05-13,US,20723,1
2020-05-13,Brazil,11923,2
2020-05-13,Russia,10028,3
2020-05-13,Peru,4247,4
2020-05-13,India,3763,5
2020-05-14,Spain,229540,1
2020-05-14,Italy,223096,2
2020-05-14,Germany,174478,3
2020-05-14,US,27014,4
2020-05-14,Brazil,13028,5
2020-05-15,US,25117,1
2020-05-15,Brazil,17126,2
2020-05-15,Russia,10598,3
2020-05-15,Peru,3891,4
2020-05-15,India,3787,5
2020-05-16,US,25059,1
2020-05-16,Brazil,13220,2
2020-05-16,Russia,9200,3
2020-05-16,India,4864,4
2020-05-16,Peru,4046,5
2020-05-17,US,19114,1
2020-05-17,Russia,9709,2
2020-05-17,Brazil,7569,3
2020-05-17,India,5050,4
2020-05-17,Peru,3732,5
2020-05-18,US,21694,1
2020-05-18,Brazil,14288,2
2020-05-18,Russia,8926,3
2020-05-18,India,4630,4
2020-05-18,UK,2714,5
2020-05-19,US,20406,1
2020-05-19,Brazil,16517,2
2020-05-19,Russia,9263,3
2020-05-19,India,6147,4
2020-05-19,Peru,4550,5
2020-05-20,Brazil,291579,1
2020-05-20,Mexico,56594,2
2020-05-20,Chile,53617,3
2020-05-20,US,23080,4
2020-05-20,Russia,8764,5
2020-05-21,US,25471,1
2020-05-21,Brazil,18508,2
2020-05-21,Russia,8849,3
2020-05-21,India,6198,4
2020-05-21,Peru,4749,5
2020-05-22,US,23919,1
2020-05-22,Brazil,20803,2
2020-05-22,Russia,8894,3
2020-05-22,India,6568,4
2020-05-22,Chile,4276,5
2020-05-23,US,21352,1
2020-05-23,Brazil,16508,2
2020-05-23,Russia,9434,3
2020-05-23,India,6629,4
2020-05-23,Peru,4056,5
2020-05-24,US,20457,1
2020-05-24,Brazil,15813,2
2020-05-24,Russia,8599,3
2020-05-24,India,7113,4
2020-05-24,Peru,4205,5
2020-05-25,US,19029,1
2020-05-25,Brazil,11687,2
2020-05-25,Russia,8946,3
2020-05-25,India,6414,4
2020-05-25,Chile,4895,5
2020-05-26,US,18944,1
2020-05-26,Brazil,16324,2
2020-05-26,Russia,8915,3
2020-05-26,India,5843,4
2020-05-26,Peru,5772,5
2020-05-27,Brazil,20599,1
2020-05-27,US,18488,2
2020-05-27,Russia,8338,3
2020-05-27,India,7293,4
2020-05-27,Peru,6154,5
2020-05-28,Peru,141779,1
2020-05-28,Brazil,26417,2
2020-05-28,Colombia,24141,3
2020-05-28,US,22632,4
2020-05-28,Japan,16598,5
2020-05-29,Brazil,26928,1
2020-05-29,US,24423,2
2020-05-29,Russia,8572,3
2020-05-29,India,8105,4
2020-05-29,Chile,3695,5
2020-05-30,Brazil,33274,1
2020-05-30,US,24222,2
2020-05-30,Peru,13892,3
2020-05-30,Russia,8952,4
2020-05-30,India,8336,5
2020-05-31,US,19561,1
2020-05-31,Brazil,16409,2
2020-05-31,Russia,9268,3
2020-05-31,Peru,8808,4
2020-05-31,India,8782,5
2020-06-01,Russia,414328,1
2020-06-01,Ukraine,24562,2
2020-06-01,US,20816,3
2020-06-01,Brazil,11685,4
2020-06-01,India,7761,5
2020-06-02,Brazil,28936,1
2020-06-02,US,21251,2
2020-06-02,Russia,8858,3
2020-06-02,India,8821,4
2020-06-02,Peru,8253,5
2020-06-03,Brazil,28633,1
2020-06-03,US,19912,2
2020-06-03,India,9633,3
2020-06-03,Russia,8529,4
2020-06-03,Chile,4942,5
2020-06-04,Brazil,30925,1
2020-06-04,US,21362,2
2020-06-04,India,9889,3
2020-06-04,Russia,8823,4
2020-06-04,Pakistan,4801,5
2020-06-05,Sweden,42939,1
2020-06-05,Brazil,30830,2
2020-06-05,US,30259,3
2020-06-05,India,9471,4
2020-06-05,Russia,8718,5
2020-06-06,Brazil,27075,1
2020-06-06,US,22774,2
2020-06-06,India,10438,3
2020-06-06,Russia,8846,4
2020-06-06,Chile,5246,5
2020-06-07,Brazil,18912,1
2020-06-07,US,18234,2
2020-06-07,India,10864,3
2020-06-07,Russia,8971,4
2020-06-07,Chile,6405,5
2020-06-08,US,17712,1
2020-06-08,Brazil,15654,2
2020-06-08,Pakistan,9374,3
2020-06-08,Russia,8970,4
2020-06-08,India,8442,5
2020-06-09,Brazil,32091,1
2020-06-09,US,18247,2
2020-06-09,India,10218,3
2020-06-09,Russia,8587,4
2020-06-09,Pakistan,5385,5
2020-06-10,India,276583,1
2020-06-10,Pakistan,113702,2
2020-06-10,Brazil,32913,3
2020-06-10,US,21601,4
2020-06-10,Russia,8393,5
2020-06-11,UK,291415,1
2020-06-11,Brazil,30412,2
2020-06-11,US,22757,3
2020-06-11,India,21886,4
2020-06-11,Pakistan,12231,5
2020-06-12,Brazil,25982,1
2020-06-12,US,25772,2
2020-06-12,Russia,8961,3
2020-06-12,Chile,6754,4
2020-06-12,Mexico,5222,5
2020-06-13,US,25776,1
2020-06-13,Brazil,21704,2
2020-06-13,India,11789,3
2020-06-13,Russia,8697,4
2020-06-13,Chile,6509,5
2020-06-14,US,19214,1
2020-06-14,Brazil,17110,2
2020-06-14,India,12477,3
2020-06-14,Pakistan,12073,4
2020-06-14,Peru,8987,5
2020-06-15,India,22169,1
2020-06-15,Brazil,20647,2
2020-06-15,US,19888,3
2020-06-15,Russia,8217,4
2020-06-15,Chile,5143,5
2020-06-16,Brazil,34918,1
2020-06-16,US,23759,2
2020-06-16,India,10974,3
2020-06-16,Russia,8241,4
2020-06-16,Pakistan,5839,5
2020-06-17,Chile,36179,1
2020-06-17,Brazil,32188,2
2020-06-17,US,26916,3
2020-06-17,India,12881,4
2020-06-17,Russia,7824,5
2020-06-18,US,28114,1
2020-06-18,Brazil,22765,2
2020-06-18,India,13586,3
2020-06-18,Russia,7772,4
2020-06-18,Mexico,5662,5
2020-06-19,Brazil,54771,1
2020-06-19,US,32169,2
2020-06-19,India,14516,3
2020-06-19,Russia,7971,4
2020-06-19,Pakistan,6604,5
2020-06-20,US,32578,1
2020-06-20,India,15551,2
2020-06-20,Russia,7870,3
2020-06-20,Chile,5355,4
2020-06-20,South Africa,4966,5
2020-06-21,Brazil,52125,1
2020-06-21,US,25268,2
2020-06-21,India,16116,3
2020-06-21,Russia,7717,4
2020-06-21,Chile,5607,5
2020-06-22,US,32617,1
2020-06-22,Brazil,21432,2
2020-06-22,India,14933,3
2020-06-22,Russia,7586,4
2020-06-22,Peru,6109,5
2020-06-23,Brazil,39436,1
2020-06-23,US,36209,2
2020-06-23,India,15968,3
2020-06-23,Russia,7413,4
2020-06-23,Mexico,6288,5
2020-06-24,Brazil,42725,1
2020-06-24,US,36104,2
2020-06-24,India,16922,3
2020-06-24,Russia,7165,4
2020-06-24,South Africa,5688,5
2020-06-25,US,40558,1
2020-06-25,Brazil,39483,2
2020-06-25,India,17666,3
2020-06-25,Russia,7105,4
2020-06-25,South Africa,6579,5
2020-06-26,Brazil,46860,1
2020-06-26,US,45943,2
2020-06-26,India,18652,3
2020-06-26,Russia,6788,4
2020-06-26,South Africa,6215,5
2020-06-27,US,41680,1
2020-06-27,Brazil,38693,2
2020-06-27,India,20090,3
2020-06-27,South Africa,7210,4
2020-06-27,Russia,6843,5
2020-06-28,US,40897,1
2020-06-28,Brazil,30476,2
2020-06-28,India,20013,3
2020-06-28,Colombia,7335,4
2020-06-28,Russia,6784,5
2020-06-29,US,41583,1
2020-06-29,Brazil,24052,2
2020-06-29,India,18803,3
2020-06-29,Russia,6683,4
2020-06-29,South Africa,6130,5
2020-06-30,US,45203,1
2020-06-30,Brazil,33846,2
2020-06-30,India,18742,3
2020-06-30,South Africa,6945,4
2020-06-30,Russia,6683,5
2020-07-01,US,51450,1
2020-07-01,Brazil,46712,2
2020-07-01,India,19231,3
2020-07-01,Kazakhstan,18757,4
2020-07-01,South Africa,8124,5
2020-07-02,UK,86513,1
2020-07-02,US,55130,2
2020-07-02,Brazil,48105,3
2020-07-02,India,21704,4
2020-07-02,South Africa,8728,5
2020-07-03,US,53128,1
2020-07-03,Brazil,42223,2
2020-07-03,India,23803,3
2020-07-03,South Africa,9063,4
2020-07-03,Mexico,6740,5
2020-07-04,US,45245,1
2020-07-04,Brazil,37923,2
2020-07-04,India,25220,3
2020-07-04,South Africa,10853,4
2020-07-04,Mexico,6914,5
2020-07-05,US,49896,1
2020-07-05,Brazil,26051,2
2020-07-05,India,24248,3
2020-07-05,South Africa,8773,4
2020-07-05,Russia,6719,5
2020-07-06,US,46317,1
2020-07-06,India,22251,2
2020-07-06,Brazil,20229,3
2020-07-06,South Africa,8971,4
2020-07-06,Russia,6569,5
2020-07-07,US,60706,1
2020-07-07,Brazil,45305,2
2020-07-07,India,22769,3
2020-07-07,South Africa,10134,4
2020-07-07,Russia,6363,5
2020-07-08,US,59669,1
2020-07-08,Brazil,44571,2
2020-07-08,India,25512,3
2020-07-08,South Africa,8810,4
2020-07-08,Mexico,6995,5
2020-07-09,US,62338,1
2020-07-09,Brazil,42619,2
2020-07-09,India,26730,3
2020-07-09,South Africa,13674,4
2020-07-09,Mexico,7280,5
2020-07-10,US,68153,1
2020-07-10,Brazil,45048,2
2020-07-10,India,27859,3
2020-07-10,South Africa,12348,4
2020-07-10,Mexico,6891,5
2020-07-11,US,60052,1
2020-07-11,Brazil,39023,2
2020-07-11,India,28998,3
2020-07-11,South Africa,13497,4
2020-07-11,Colombia,6803,5
2020-07-12,US,58635,1
2020-07-12,India,29398,2
2020-07-12,Brazil,24831,3
2020-07-12,South Africa,12058,4
2020-07-12,Russia,6587,5
2020-07-13,US,58680,1
2020-07-13,India,28677,2
2020-07-13,Brazil,20286,3
2020-07-13,South Africa,11554,4
2020-07-13,Russia,6511,5
2020-07-14,US,68535,1
2020-07-14,Brazil,41857,2
2020-07-14,India,30084,3
2020-07-14,South Africa,10496,4
2020-07-14,Mexico,7051,5
2020-07-15,US,68066,1
2020-07-15,Brazil,39924,2
2020-07-15,India,32915,3
2020-07-15,South Africa,12757,4
2020-07-15,Russia,6410,5
2020-07-16,US,75695,1
2020-07-16,Brazil,45403,2
2020-07-16,India,35729,3
2020-07-16,South Africa,13172,4
2020-07-16,Russia,6415,5
2020-07-17,US,72143,1
2020-07-17,Netherlands,51461,2
2020-07-17,India,35252,3
2020-07-17,Brazil,34177,4
2020-07-17,Colombia,16971,5
2020-07-18,US,63539,1
2020-07-18,India,39065,2
2020-07-18,Brazil,28796,3
2020-07-18,South Africa,13285,4
2020-07-18,Peru,11749,5
2020-07-19,US,61179,1
2020-07-19,India,40425,2
2020-07-19,Brazil,23555,3
2020-07-19,South Africa,13449,4
2020-07-19,Colombia,6578,5
2020-07-20,US,61525,1
2020-07-20,India,37132,2
2020-07-20,Brazil,20257,3
2020-07-20,Peru,15839,4
2020-07-20,South Africa,9300,5
2020-07-21,US,65000,1
2020-07-21,Brazil,41008,2
2020-07-21,India,37740,3
2020-07-21,Peru,8497,4
2020-07-21,South Africa,8170,5
2020-07-22,US,70288,1
2020-07-22,Brazil,67860,2
2020-07-22,India,45720,3
2020-07-22,South Africa,13150,4
2020-07-22,Colombia,7390,5
2020-07-23,US,68162,1
2020-07-23,Brazil,59961,2
2020-07-23,India,49310,3
2020-07-23,South Africa,13104,4
2020-07-23,Mexico,8438,5
2020-07-24,US,74266,1
2020-07-24,Brazil,55891,2
2020-07-24,India,48916,3
2020-07-24,South Africa,13944,4
2020-07-24,Mexico,7573,5
2020-07-25,US,64264,1
2020-07-25,Brazil,51147,2
2020-07-25,India,48611,3
2020-07-25,South Africa,12204,4
2020-07-25,Colombia,7254,5
2020-07-26,US,56147,1
2020-07-26,India,49981,2
2020-07-26,Brazil,24578,3
2020-07-26,South Africa,11233,4
2020-07-26,Russia,5741,5
2020-07-27,US,56751,1
2020-07-27,India,44620,2
2020-07-27,Brazil,23284,3
2020-07-27,Colombia,16306,4
2020-07-27,Peru,13756,5
2020-07-28,US,66778,1
2020-07-28,Brazil,40816,2
2020-07-28,Colombia,10285,3
2020-07-28,South Africa,7232,4
2020-07-28,Mexico,7208,5
2020-07-29,India,98807,1
2020-07-29,US,71552,2
2020-07-29,Brazil,69074,3
2020-07-29,South Africa,11362,4
2020-07-29,Colombia,8671,5
2020-07-30,US,67942,1
2020-07-30,Brazil,57837,2
2020-07-30,India,52783,3
2020-07-30,South Africa,11046,4
2020-07-30,Colombia,9965,5
2020-07-31,US,68676,1
2020-07-31,India,61242,2
2020-07-31,Brazil,52383,3
2020-07-31,South Africa,11014,4
2020-07-31,Colombia,9488,5
2020-08-01,US,57226,1
2020-08-01,India,54735,2
2020-08-01,Brazil,45392,3
2020-08-01,Colombia,10673,4
2020-08-01,South Africa,10107,5
2020-08-02,India,52972,1
2020-08-02,US,45948,2
2020-08-02,Brazil,25800,3
2020-08-02,Peru,21358,4
2020-08-02,Colombia,11470,5
2020-08-03,India,52050,1
2020-08-03,US,46323,2
2020-08-03,Brazil,16641,3
2020-08-03,Colombia,10199,4
2020-08-03,Spain,8532,5
2020-08-04,US,59212,1
2020-08-04,India,52509,2
2020-08-04,Brazil,51603,3
2020-08-04,Colombia,7129,4
2020-08-04,Argentina,6792,5
2020-08-05,Brazil,57152,1
2020-08-05,India,56282,2
2020-08-05,US,53818,3
2020-08-05,Colombia,10738,4
2020-08-05,South Africa,8559,5
2020-08-06,India,62538,1
2020-08-06,US,59502,2
2020-08-06,Brazil,53139,3
2020-08-06,Colombia,11996,4
2020-08-06,South Africa,8307,5
2020-08-07,India,61537,1
2020-08-07,US,59605,2
2020-08-07,Brazil,50230,3
2020-08-07,Colombia,9494,4
2020-08-07,Peru,8466,5
2020-08-08,India,64399,1
2020-08-08,US,54994,2
2020-08-08,Brazil,49970,3
2020-08-08,Colombia,9675,4
2020-08-08,South Africa,7712,5
2020-08-09,India,62064,1
2020-08-09,US,46841,2
2020-08-09,Brazil,23010,3
2020-08-09,Peru,14149,4
2020-08-09,Colombia,10611,5
2020-08-10,India,53601,1
2020-08-10,US,47672,2
2020-08-10,Brazil,22048,3
2020-08-10,Colombia,10142,4
2020-08-10,Spain,9100,5
2020-08-11,India,60963,1
2020-08-11,Brazil,52160,2
2020-08-11,US,48277,3
2020-08-11,Colombia,12830,4
2020-08-11,Argentina,7043,5
2020-08-12,India,66999,1
2020-08-12,Brazil,56504,2
2020-08-12,US,55584,3
2020-08-12,Colombia,12066,4
2020-08-12,Peru,8875,5
2020-08-13,India,64553,1
2020-08-13,Brazil,60091,2
2020-08-13,US,51224,3
2020-08-13,Colombia,11286,4
2020-08-13,Spain,7550,5
2020-08-14,US,65346,1
2020-08-14,India,64732,2
2020-08-14,Brazil,50644,3
2020-08-14,Peru,17741,4
2020-08-14,Colombia,11312,5
2020-08-15,India,64030,1
2020-08-15,US,48077,2
2020-08-15,Brazil,41576,3
2020-08-15,Colombia,11578,4
2020-08-15,Argentina,6663,5
2020-08-16,India,57981,1
2020-08-16,US,39952,2
2020-08-16,Brazil,23101,3
2020-08-16,Colombia,11643,4
2020-08-16,Peru,9507,5
2020-08-17,India,55018,1
2020-08-17,US,36066,2
2020-08-17,Brazil,19373,3
2020-08-17,Spain,16269,4
2020-08-17,Peru,10143,5
2020-08-18,India,64572,1
2020-08-18,Brazil,47784,2
2020-08-18,US,45168,3
2020-08-18,Colombia,12471,4
2020-08-18,Argentina,6840,5
2020-08-19,India,69672,1
2020-08-19,Brazil,49298,2
2020-08-19,US,46709,3
2020-08-19,Colombia,13056,4
2020-08-19,Peru,7828,5
2020-08-20,India,68900,1
2020-08-20,Brazil,45323,2
2020-08-20,US,43982,3
2020-08-20,Colombia,11541,4
2020-08-20,Peru,9099,5
2020-08-21,India,69876,1
2020-08-21,US,49536,2
2020-08-21,Brazil,30355,3
2020-08-21,Peru,8639,4
2020-08-21,Colombia,8419,5
2020-08-22,India,69239,1
2020-08-22,Brazil,50032,2
2020-08-22,US,43639,3
2020-08-22,Peru,9008,4
2020-08-22,Argentina,7759,5
2020-08-23,India,61408,1
2020-08-23,US,34522,2
2020-08-23,Brazil,23421,3
2020-08-23,Colombia,19001,4
2020-08-23,Peru,9169,5
2020-08-24,India,60975,1
2020-08-24,US,36922,2
2020-08-24,Spain,19382,3
2020-08-24,Brazil,17078,4
2020-08-24,Colombia,10549,5
2020-08-25,India,57224,1
2020-08-25,Brazil,47134,2
2020-08-25,US,40219,3
2020-08-25,Colombia,10425,4
2020-08-25,Argentina,8771,5
2020-08-26,India,85687,1
2020-08-26,Brazil,47161,2
2020-08-26,US,43571,3
2020-08-26,Argentina,10550,4
2020-08-26,Colombia,10130,5
2020-08-27,India,77266,1
2020-08-27,US,45649,2
2020-08-27,Brazil,44235,3
2020-08-27,France,11203,4
2020-08-27,Argentina,10104,5
2020-08-28,India,76472,1
2020-08-28,US,47122,2
2020-08-28,Brazil,43412,3
2020-08-28,Argentina,11717,4
2020-08-28,Spain,9779,5
2020-08-29,India,78761,1
2020-08-29,US,44108,2
2020-08-29,Brazil,41350,3
2020-08-29,Colombia,9392,4
2020-08-29,Argentina,9230,5
2020-08-30,India,78512,1
2020-08-30,US,34405,2
2020-08-30,Brazil,16158,3
2020-08-30,Peru,9474,4
2020-08-30,Colombia,8020,5
2020-08-31,India,69921,1
2020-08-31,Brazil,45961,2
2020-08-31,US,37504,3
2020-08-31,Spain,23572,4
2020-08-31,Argentina,9309,5
2020-09-01,India,78357,1
2020-09-01,US,42700,2
2020-09-01,Brazil,42659,3
2020-09-01,Argentina,10504,4
2020-09-01,Colombia,8932,5
2020-09-02,India,83883,1
2020-09-02,Brazil,46934,2
2020-09-02,US,40118,3
2020-09-02,Argentina,10933,4
2020-09-02,Colombia,9296,5
2020-09-03,India,83341,1
2020-09-03,US,44514,2
2020-09-03,Brazil,43773,3
2020-09-03,Argentina,12026,4
2020-09-03,Spain,8959,5
2020-09-04,India,86432,1
2020-09-04,US,50793,2
2020-09-04,Brazil,50163,3
2020-09-04,Peru,13016,4
2020-09-04,Argentina,10684,5
2020-09-05,India,90632,1
2020-09-05,US,43601,2
2020-09-05,Brazil,39125,3
2020-09-05,Argentina,9924,4
2020-09-05,France,8594,5
2020-09-06,India,90802,1
2020-09-06,US,31434,2
2020-09-06,Colombia,16466,3
2020-09-06,Brazil,14521,4
2020-09-06,France,7016,5
2020-09-07,India,75809,1
2020-09-07,Spain,26560,2
2020-09-07,US,24185,3
2020-09-07,Brazil,10273,4
2020-09-07,Argentina,9215,5
2020-09-08,India,89706,1
2020-09-08,US,27078,2
2020-09-08,Brazil,14279,3
2020-09-08,Argentina,12027,4
2020-09-08,Spain,8964,5
2020-09-09,India,95735,1
2020-09-09,Brazil,35816,2
2020-09-09,US,34713,3
2020-09-09,Colombia,15318,4
2020-09-09,Argentina,12259,5
2020-09-10,India,96551,1
2020-09-10,Brazil,40557,2
2020-09-10,US,36054,3
2020-09-10,Argentina,11905,4
2020-09-10,Spain,10764,5
2020-09-11,India,97570,1
2020-09-11,US,47502,2
2020-09-11,Brazil,43718,3
2020-09-11,Spain,12183,4
2020-09-11,Argentina,11507,5
2020-09-12,India,94372,1
2020-09-12,US,41679,2
2020-09-12,Brazil,33523,3
2020-09-12,France,11337,4
2020-09-12,Argentina,10776,5
2020-09-13,India,92071,1
2020-09-13,US,34202,2
2020-09-13,Brazil,14768,3
2020-09-13,Argentina,9056,4
2020-09-13,Colombia,7355,5
2020-09-14,US,34721,1
2020-09-14,Spain,27404,2
2020-09-14,Brazil,15155,3
2020-09-14,Argentina,9909,4
2020-09-14,Peru,6787,5
2020-09-15,India,173932,1
2020-09-15,US,39438,2
2020-09-15,Brazil,36653,3
2020-09-15,Argentina,11892,4
2020-09-15,Spain,9437,5
2020-09-16,India,97894,1
2020-09-16,US,38445,2
2020-09-16,Brazil,36820,3
2020-09-16,Argentina,11674,4
2020-09-16,Spain,11193,5
2020-09-17,India,96424,1
2020-09-17,US,45335,2
2020-09-17,Brazil,36303,3
2020-09-17,Argentina,12701,4
2020-09-17,Spain,11291,5
2020-09-18,India,93337,1
2020-09-18,US,49472,2
2020-09-18,Brazil,39797,3
2020-09-18,Spain,14389,4
2020-09-18,France,13233,5
2020-09-19,India,92605,1
2020-09-19,US,42899,2
2020-09-19,Brazil,33057,3
2020-09-19,France,13560,4
2020-09-19,Argentina,9276,5
2020-09-20,India,86961,1
2020-09-20,US,39464,2
2020-09-20,Brazil,16389,3
2020-09-20,France,10536,4
2020-09-20,Argentina,8431,5
2020-09-21,India,75083,1
2020-09-21,US,51973,2
2020-09-21,Spain,31428,3
2020-09-21,Brazil,13411,4
2020-09-21,Argentina,8782,5
2020-09-22,India,83347,1
2020-09-22,US,40247,2
2020-09-22,Brazil,33324,3
2020-09-22,Argentina,12027,4
2020-09-22,Spain,10799,5
2020-09-23,India,86508,1
2020-09-23,US,37789,2
2020-09-23,France,13291,3
2020-09-23,Argentina,12625,4
2020-09-23,Spain,11289,5
2020-09-24,India,86052,1
2020-09-24,Brazil,66338,2
2020-09-24,US,47539,3
2020-09-24,France,15850,4
2020-09-24,Argentina,13467,5
2020-09-25,India,85362,1
2020-09-25,US,53199,2
2020-09-25,Brazil,31911,3
2020-09-25,France,16104,4
2020-09-25,Argentina,12969,5
2020-09-26,India,88600,1
2020-09-26,US,45363,2
2020-09-26,Brazil,28378,3
2020-09-26,France,14220,4
2020-09-26,Argentina,11249,5
2020-09-27,India,82170,1
2020-09-27,US,38366,2
2020-09-27,Brazil,14318,3
2020-09-27,France,10635,4
2020-09-27,Argentina,8841,5
2020-09-28,India,70589,1
2020-09-28,US,33417,2
2020-09-28,Spain,31785,3
2020-09-28,Brazil,13155,4
2020-09-28,Argentina,11807,5
2020-09-29,India,80472,1
2020-09-29,US,44137,2
2020-09-29,Brazil,32058,3
2020-09-29,Argentina,13477,4
2020-09-29,Russia,8129,5
2020-09-30,India,86821,1
2020-09-30,US,40725,2
2020-09-30,Brazil,33413,3
2020-09-30,Spain,20922,4
2020-09-30,Argentina,14392,5
2020-10-01,India,73942,1
2020-10-01,US,45773,2
2020-10-01,Brazil,36157,3
2020-10-01,Argentina,14001,4
2020-10-01,France,13051,5
2020-10-02,India,87018,1
2020-10-02,US,55294,2
2020-10-02,Argentina,14687,3
2020-10-02,France,12436,4
2020-10-02,Spain,11325,5
2020-10-03,India,75829,1
2020-10-03,Brazil,59741,2
2020-10-03,US,48867,3
2020-10-03,France,16488,4
2020-10-03,UK,12885,5
2020-10-04,India,74442,1
2020-10-04,US,35830,2
2020-10-04,UK,22965,3
2020-10-04,Kosovo,14236,4
2020-10-04,France,12504,5
2020-10-05,India,61267,1
2020-10-05,US,39730,2
2020-10-05,Mexico,28115,3
2020-10-05,Spain,23480,4
2020-10-05,UK,12603,5
2020-10-06,India,72049,1
2020-10-06,US,45439,2
2020-10-06,Brazil,41906,3
2020-10-06,Argentina,14740,4
2020-10-06,UK,14557,5
2020-10-07,India,78524,1
2020-10-07,US,49971,2
2020-10-07,Brazil,31553,3
2020-10-07,France,18953,4
2020-10-07,Argentina,16447,5
2020-10-08,India,70496,1
2020-10-08,US,58754,2
2020-10-08,Brazil,27750,3
2020-10-08,UK,17550,4
2020-10-08,France,17402,5
2020-10-09,India,73272,1
2020-10-09,US,56644,2
2020-10-09,Brazil,27444,3
2020-10-09,France,21088,4
2020-10-09,Argentina,15099,5
2020-10-10,India,74383,1
2020-10-10,US,55174,2
2020-10-10,Brazil,26749,3
2020-10-10,France,26677,4
2020-10-10,UK,15175,5
2020-10-11,India,66732,1
2020-10-11,US,46035,2
2020-10-11,France,15937,3
2020-10-11,Russia,13442,4
2020-10-11,UK,12882,5
2020-10-12,India,55342,1
2020-10-12,US,42172,2
2020-10-12,Spain,27856,3
2020-10-12,UK,14011,4
2020-10-12,Russia,13406,5
2020-10-13,India,63509,1
2020-10-13,US,52411,2
2020-10-13,UK,17250,3
2020-10-13,Russia,13690,4
2020-10-13,France,13626,5
2020-10-14,India,67708,1
2020-10-14,US,59665,2
2020-10-14,Brazil,27235,3
2020-10-14,France,23002,4
2020-10-14,UK,19751,5
2020-10-15,US,65122,1
2020-10-15,India,63371,2
2020-10-15,France,29757,3
2020-10-15,Brazil,28523,4
2020-10-15,UK,18996,5
2020-10-16,US,69248,1
2020-10-16,India,62212,2
2020-10-16,Brazil,30914,3
2020-10-16,France,25632,4
2020-10-16,Argentina,16546,5
2020-10-17,India,61871,1
2020-10-17,US,56857,2
2020-10-17,France,32104,3
2020-10-17,Brazil,24062,4
2020-10-17,UK,16186,5
2020-10-18,India,55722,1
2020-10-18,US,49571,2
2020-10-18,France,29837,3
2020-10-18,UK,16994,4
2020-10-18,Russia,14804,5
2020-10-19,US,67980,1
2020-10-19,India,46790,2
2020-10-19,Spain,37889,3
2020-10-19,Brazil,26365,4
2020-10-19,UK,18830,5
2020-10-20,US,62192,1
2020-10-20,India,54044,2
2020-10-20,Brazil,23227,3
2020-10-20,UK,21365,4
2020-10-20,France,20376,5
2020-10-21,US,62680,1
2020-10-21,India,55839,2
2020-10-21,France,27422,3
2020-10-21,UK,26707,4
2020-10-21,Brazil,24818,5
2020-10-22,US,76416,1
2020-10-22,India,54366,2
2020-10-22,France,40813,3
2020-10-22,Brazil,24858,4
2020-10-22,UK,21257,5
2020-10-23,US,82759,1
2020-10-23,India,53370,2
2020-10-23,France,42837,3
2020-10-23,Brazil,30026,4
2020-10-23,Germany,22236,5
2020-10-24,US,82924,1
2020-10-24,India,50129,2
2020-10-24,France,45240,3
2020-10-24,Brazil,26979,4
2020-10-24,UK,23033,5
2020-10-25,US,62696,1
2020-10-25,France,52038,2
2020-10-25,India,45148,3
2020-10-25,Italy,21273,4
2020-10-25,UK,19797,5
2020-10-26,US,67575,1
2020-10-26,Spain,52188,2
2020-10-26,India,36470,3
2020-10-26,France,27613,4
2020-10-26,UK,20900,5
2020-10-27,US,77954,1
2020-10-27,India,43893,2
2020-10-27,France,34482,3
2020-10-27,Brazil,29787,4
2020-10-27,UK,22924,5
2020-10-28,US,78782,1
2020-10-28,India,49881,2
2020-10-28,France,37550,3
2020-10-28,Brazil,28629,4
2020-10-28,Italy,24988,5
2020-10-29,US,91511,1
2020-10-29,India,48648,2
2020-10-29,France,46612,3
2020-10-29,Italy,26829,4
2020-10-29,Brazil,26106,5
2020-10-30,US,99603,1
2020-10-30,France,49474,2
2020-10-30,India,48268,3
2020-10-30,Italy,31079,4
2020-10-30,Spain,25595,5
2020-10-31,US,89795,1
2020-10-31,India,46963,2
2020-10-31,France,35070,3
2020-10-31,Italy,31756,4
2020-10-31,UK,21919,5
2020-11-01,US,104978,1
2020-11-01,France,46179,2
2020-11-01,India,45231,3
2020-11-01,Italy,29905,4
2020-11-01,UK,23261,5
2020-11-02,Colombia,313333,1
2020-11-02,US,85955,2
2020-11-02,Spain,55019,3
2020-11-02,France,54295,4
2020-11-02,India,38310,5
2020-11-03,Colombia,305296,1
2020-11-03,US,127542,2
2020-11-03,India,46253,3
2020-11-03,France,36614,4
2020-11-03,Italy,28241,5
2020-11-04,US,103987,1
2020-11-04,India,50210,2
2020-11-04,France,41707,3
2020-11-04,Germany,31480,4
2020-11-04,Italy,30548,5
2020-11-05,US,129456,1
2020-11-05,France,57806,2
2020-11-05,India,47638,3
2020-11-05,Italy,34502,4
2020-11-05,Poland,27143,5
2020-11-06,US,128286,1
2020-11-06,France,60952,2
2020-11-06,India,50356,3
2020-11-06,Brazil,41156,4
2020-11-06,Italy,37802,5
2020-11-07,US,127877,1
2020-11-07,France,86655,2
2020-11-07,India,45674,3
2020-11-07,Italy,39809,4
2020-11-07,Poland,27875,5
2020-11-08,US,115096,1
2020-11-08,India,45903,2
2020-11-08,France,38562,3
2020-11-08,Italy,32614,4
2020-11-08,Poland,24785,5
2020-11-09,US,120512,1
2020-11-09,Spain,52386,2
2020-11-09,India,38073,3
2020-11-09,Italy,25269,4
2020-11-09,Poland,21713,5
2020-11-10,US,145328,1
2020-11-10,India,44281,2
2020-11-10,Italy,35090,3
2020-11-10,Germany,27774,4
2020-11-10,Poland,25454,5
2020-11-11,US,146626,1
2020-11-11,Brazil,48655,2
2020-11-11,India,47905,3
2020-11-11,Spain,36491,4
2020-11-11,France,36406,5
2020-11-12,Belgium,520393,1
2020-11-12,US,164839,2
2020-11-12,India,44879,3
2020-11-12,Italy,37977,4
2020-11-12,Brazil,33922,5
2020-11-13,US,180389,1
2020-11-13,India,44684,2
2020-11-13,Italy,40902,3
2020-11-13,Brazil,29070,4
2020-11-13,UK,27316,5
2020-11-14,US,167761,1
2020-11-14,India,41100,2
2020-11-14,Brazil,38307,3
2020-11-14,Italy,37249,4
2020-11-14,France,31957,5
2020-11-15,US,136224,1
2020-11-15,Italy,33977,2
2020-11-15,India,30548,3
2020-11-15,France,27192,4
2020-11-15,UK,24977,5
2020-11-16,US,162945,1
2020-11-16,Spain,38273,2
2020-11-16,India,28414,3
2020-11-16,Italy,27352,4
2020-11-16,Russia,22562,5
2020-11-17,US,163922,1
2020-11-17,France,45602,2
2020-11-17,India,39366,3
2020-11-17,Brazil,35294,4
2020-11-17,Italy,32191,5
2020-11-18,US,173177,1
2020-11-18,India,45576,2
2020-11-18,Italy,34280,3
2020-11-18,Brazil,34091,4
2020-11-18,France,28897,5
2020-11-19,US,191548,1
2020-11-19,India,45882,2
2020-11-19,Italy,36176,3
2020-11-19,Brazil,35918,4
2020-11-19,Germany,24041,5
2020-11-20,US,198297,1
2020-11-20,India,46232,2
2020-11-20,Brazil,38397,3
2020-11-20,Italy,37239,4
2020-11-20,Russia,24059,5
2020-11-21,US,179274,1
2020-11-21,India,45209,2
2020-11-21,Italy,34764,3
2020-11-21,Brazil,32622,4
2020-11-21,Russia,24538,5
2020-11-22,US,146784,1
2020-11-22,India,44059,2
2020-11-22,Italy,28337,3
2020-11-22,Russia,24295,4
2020-11-22,UK,18667,5
2020-11-23,US,174449,1
2020-11-23,India,37975,2
2020-11-23,Spain,25886,3
2020-11-23,Russia,24891,4
2020-11-23,Italy,22927,5
2020-11-24,US,175514,1
2020-11-24,India,44376,2
2020-11-24,Poland,32733,3
2020-11-24,Brazil,31100,4
2020-11-24,Russia,24087,5
2020-11-25,US,183287,1
2020-11-25,Brazil,47898,2
2020-11-25,India,44489,3
2020-11-25,Germany,32687,4
2020-11-25,Italy,25852,5
2020-11-26,US,112322,1
2020-11-26,India,43082,2
2020-11-26,Brazil,37614,3
2020-11-26,Turkey,36008,4
2020-11-26,Italy,29001,5
2020-11-27,US,208188,1
2020-11-27,Turkey,44506,2
2020-11-27,India,41322,3
2020-11-27,Brazil,34130,4
2020-11-27,Italy,28342,5
2020-11-28,US,155533,1
2020-11-28,Brazil,51922,2
2020-11-28,India,41810,3
2020-11-28,Turkey,30103,4
2020-11-28,Russia,26809,5
2020-11-29,US,140234,1
2020-11-29,India,38772,2
2020-11-29,Turkey,29281,3
2020-11-29,Russia,26390,4
2020-11-29,Brazil,24468,5
2020-11-30,US,160570,1
2020-11-30,Turkey,31219,2
2020-11-30,India,31118,3
2020-11-30,Russia,26046,4
2020-11-30,Brazil,21138,5
2020-12-01,US,188219,1
2020-12-01,Brazil,50909,2
2020-12-01,India,36604,3
2020-12-01,Turkey,30110,4
2020-12-01,Russia,26126,5
2020-12-02,US,202557,1
2020-12-02,Brazil,49863,2
2020-12-02,India,35551,3
2020-12-02,Turkey,31923,4
2020-12-02,Russia,25043,5
2020-12-03,US,223613,1
2020-12-03,Brazil,50434,2
2020-12-03,India,36595,3
2020-12-03,Turkey,32381,4
2020-12-03,Russia,27829,5
2020-12-04,US,232785,1
2020-12-04,Brazil,46884,2
2020-12-04,India,36652,3
2020-12-04,Turkey,32736,4
2020-12-04,Russia,27078,5
2020-12-05,US,215542,1
2020-12-05,Brazil,43209,2
2020-12-05,India,36011,3
2020-12-05,Turkey,31896,4
2020-12-05,Russia,28450,5
2020-12-06,US,181012,1
2020-12-06,India,32981,2
2020-12-06,Turkey,30402,3
2020-12-06,Russia,28701,4
2020-12-06,Brazil,26363,5
2020-12-07,US,194858,1
2020-12-07,Turkey,32137,2
2020-12-07,Russia,27798,3
2020-12-07,India,26567,4
2020-12-07,Brazil,20371,5
2020-12-08,US,224492,1
2020-12-08,Brazil,51088,2
2020-12-08,Turkey,33198,3
2020-12-08,India,32080,4
2020-12-08,Germany,29263,5
2020-12-09,US,222539,1
2020-12-09,Brazil,53453,2
2020-12-09,Turkey,31712,3
2020-12-09,India,31521,4
2020-12-09,Russia,25838,5
2020-12-10,Turkey,823225,1
2020-12-10,US,231515,2
2020-12-10,Brazil,53347,3
2020-12-10,Germany,32734,4
2020-12-10,India,29373,5
2020-12-11,US,239977,1
2020-12-11,Brazil,54428,2
2020-12-11,Turkey,32106,3
2020-12-11,India,30031,4
2020-12-11,Germany,28520,5
2020-12-12,US,217585,1
2020-12-12,Brazil,43900,2
2020-12-12,India,30254,3
2020-12-12,Turkey,29136,4
2020-12-12,Russia,27729,5
2020-12-13,US,187735,1
2020-12-13,Russia,27651,2
2020-12-13,India,27071,3
2020-12-13,Turkey,26919,4
2020-12-13,Brazil,21825,5
2020-12-14,US,194821,1
2020-12-14,Turkey,29617,2
2020-12-14,Russia,26902,3
2020-12-14,Brazil,25193,4
2020-12-14,India,22065,5
2020-12-15,US,209085,1
2020-12-15,Brazil,42889,2
2020-12-15,Germany,33825,3
2020-12-15,Turkey,32102,4
2020-12-15,India,26382,5
2020-12-16,US,246700,1
2020-12-16,Brazil,70574,2
2020-12-16,Germany,32744,3
2020-12-16,Turkey,29718,4
2020-12-16,Russia,26074,5
2020-12-17,US,239725,1
2020-12-17,Brazil,69826,2
2020-12-17,UK,35532,3
2020-12-17,Germany,30498,4
2020-12-17,Russia,27787,5
2020-12-18,US,251969,1
2020-12-18,Brazil,52544,2
2020-12-18,Germany,32830,3
2020-12-18,UK,28560,4
2020-12-18,Russia,28116,5
2020-12-19,US,191906,1
2020-12-19,Brazil,50177,2
2020-12-19,Russia,27772,3
2020-12-19,UK,27249,4
2020-12-19,India,26624,5
2020-12-20,US,187819,1
2020-12-20,UK,36084,2
2020-12-20,Russia,28510,3
2020-12-20,Brazil,25445,4
2020-12-20,India,24337,5
2020-12-21,US,199049,1
2020-12-21,UK,33517,2
2020-12-21,Russia,28917,3
2020-12-21,Brazil,25019,4
2020-12-21,Spain,22013,5
2020-12-22,US,198013,1
2020-12-22,Brazil,55202,2
2020-12-22,UK,36931,3
2020-12-22,Germany,36153,4
2020-12-22,Russia,28340,5
2020-12-23,US,229618,1
2020-12-23,Brazil,46696,2
2020-12-23,UK,39387,3
2020-12-23,Germany,33758,4
2020-12-23,Russia,26814,5
2020-12-24,US,194204,1
2020-12-24,Brazil,58428,2
2020-12-24,UK,39149,3
2020-12-24,Russia,29499,4
2020-12-24,Germany,26467,5
2020-12-25,US,97646,1
2020-12-25,UK,32803,2
2020-12-25,Russia,28595,3
2020-12-25,Brazil,24615,4
2020-12-25,India,22273,5
2020-12-26,US,226288,1
2020-12-26,UK,34788,2
2020-12-26,Russia,28833,3
2020-12-26,India,18732,4
2020-12-26,Brazil,17246,5
2020-12-27,US,155637,1
2020-12-27,UK,32493,2
2020-12-27,Russia,27849,3
2020-12-27,India,20021,4
2020-12-27,Brazil,18479,5
2020-12-28,US,174638,1
2020-12-28,UK,41460,2
2020-12-28,Russia,27363,3
2020-12-28,Spain,24462,4
2020-12-28,Brazil,20548,5
2020-12-29,US,200252,1
2020-12-29,Brazil,58718,2
2020-12-29,UK,53275,3
2020-12-29,Sweden,32485,4
2020-12-29,Russia,26588,5
2020-12-30,US,233684,1
2020-12-30,Brazil,55649,2
2020-12-30,UK,50239,3
2020-12-30,Germany,49044,4
2020-12-30,France,26514,5
2020-12-31,US,235667,1
2020-12-31,Brazil,56773,2
2020-12-31,UK,56029,3
2020-12-31,Russia,27329,4
2020-12-31,Italy,23477,5
2021-01-01,US,153628,1
2021-01-01,UK,53458,2
2021-01-01,Russia,26613,3
2021-01-01,Brazil,24605,4
2021-01-01,Italy,22210,5
2021-01-02,US,300310,1
2021-01-02,UK,57853,2
2021-01-02,India,37256,3
2021-01-02,Russia,25938,4
2021-01-02,Brazil,15827,5
2021-01-03,US,208746,1
2021-01-03,UK,55157,2
2021-01-03,Russia,23845,3
2021-01-03,Brazil,17341,4
2021-01-03,India,16504,5
2021-01-04,US,184282,1
2021-01-04,UK,58923,2
2021-01-04,Spain,30579,3
2021-01-04,Russia,23015,4
2021-01-04,Brazil,20006,5
2021-01-05,US,235279,1
2021-01-05,UK,61087,2
2021-01-05,Brazil,56648,3
2021-01-05,Sweden,32369,4
2021-01-05,Russia,23955,5
2021-01-06,US,255444,1
2021-01-06,Brazil,63430,2
2021-01-06,UK,62556,3
2021-01-06,Germany,26663,4
2021-01-06,France,25232,5
2021-01-07,US,278290,1
2021-01-07,Brazil,87843,2
2021-01-07,UK,52787,3
2021-01-07,Germany,45333,4
2021-01-07,Spain,42360,5
2021-01-08,US,295215,1
2021-01-08,UK,68192,2
2021-01-08,Brazil,52035,3
2021-01-08,Spain,25456,4
2021-01-08,Germany,24307,5
2021-01-09,US,260695,1
2021-01-09,Brazil,62290,2
2021-01-09,UK,60098,3
2021-01-09,India,36867,4
2021-01-09,Russia,23012,5
2021-01-10,US,213248,1
2021-01-10,UK,55026,2
2021-01-10,Brazil,29792,3
2021-01-10,Russia,22540,4
2021-01-10,Italy,18625,5
2021-01-11,US,214994,1
2021-01-11,Spain,61422,2
2021-01-11,UK,46275,3
2021-01-11,Brazil,25822,4
2021-01-11,Russia,23018,5
2021-01-12,US,226920,1
2021-01-12,Brazil,64025,2
2021-01-12,UK,45648,3
2021-01-12,Germany,27210,4
2021-01-12,Spain,25438,5
2021-01-13,US,230362,1
2021-01-13,Brazil,60899,2
2021-01-13,UK,47662,3
2021-01-13,Spain,38869,4
2021-01-13,Germany,25566,5
2021-01-14,US,235707,1
2021-01-14,Brazil,67758,2
2021-01-14,UK,48804,3
2021-01-14,Spain,35878,4
2021-01-14,Russia,24303,5
2021-01-15,US,242731,1
2021-01-15,Brazil,69198,2
2021-01-15,UK,55885,3
2021-01-15,Spain,40197,4
2021-01-15,Russia,24294,5
2021-01-16,US,201680,1
2021-01-16,Brazil,61567,2
2021-01-16,UK,41428,3
2021-01-16,Russia,23670,4
2021-01-16,France,21409,5
2021-01-17,US,177782,1
2021-01-17,UK,38670,2
2021-01-17,Brazil,33040,3
2021-01-17,Russia,23178,4
2021-01-17,Colombia,17379,5
2021-01-18,US,143416,1
2021-01-18,Spain,84287,2
2021-01-18,UK,37610,3
2021-01-18,Brazil,23671,4
2021-01-18,Russia,22509,5
2021-01-19,US,176706,1
2021-01-19,Brazil,62094,2
2021-01-19,Spain,34291,3
2021-01-19,UK,33454,4
2021-01-19,France,23895,5
2021-01-20,US,183236,1
2021-01-20,Brazil,64385,2
2021-01-20,Spain,41576,3
2021-01-20,UK,38992,4
2021-01-20,Germany,29003,5
2021-01-21,US,193818,1
2021-01-21,Brazil,59119,2
2021-01-21,Spain,44357,3
2021-01-21,UK,37977,4
2021-01-21,France,22710,5
2021-01-22,US,190753,1
2021-01-22,Brazil,56552,2
2021-01-22,Spain,42885,3
2021-01-22,UK,40321,4
2021-01-22,France,23324,5
2021-01-23,US,170613,1
2021-01-23,Brazil,62334,2
2021-01-23,UK,33652,3
2021-01-23,France,23924,4
2021-01-23,Russia,20585,5
2021-01-24,US,131062,1
2021-01-24,UK,30111,2
2021-01-24,Brazil,28323,3
2021-01-24,Russia,20800,4
2021-01-24,France,18436,5
2021-01-25,US,151969,1
2021-01-25,Spain,93822,2
2021-01-25,Brazil,26816,3
2021-01-25,UK,22244,4
2021-01-25,Russia,18999,5
2021-01-26,US,147540,1
2021-01-26,Brazil,61963,2
2021-01-26,Spain,36435,3
2021-01-26,France,22143,4
2021-01-26,UK,20167,5
2021-01-27,US,153945,1
2021-01-27,Brazil,63520,2
2021-01-27,Spain,40285,3
2021-01-27,Colombia,27559,4
2021-01-27,France,26951,5
2021-01-28,US,168610,1
2021-01-28,Brazil,61811,2
2021-01-28,Spain,34899,3
2021-01-28,UK,28811,4
2021-01-28,France,23956,5
2021-01-29,US,166568,1
2021-01-29,Brazil,59826,2
2021-01-29,Spain,38118,3
2021-01-29,UK,29145,4
2021-01-29,France,23235,5
2021-01-30,US,142312,1
2021-01-30,Brazil,58462,2
2021-01-30,France,24045,3
2021-01-30,UK,23400,4
2021-01-30,Peru,19052,5
2021-01-31,US,111997,1
2021-01-31,Brazil,27756,2
2021-01-31,UK,21190,3
2021-01-31,France,19235,4
2021-01-31,Russia,18083,5
2021-02-01,US,135202,1
2021-02-01,Spain,79686,2
2021-02-01,Brazil,24591,3
2021-02-01,UK,18668,4
2021-02-01,Russia,17391,5
2021-02-02,US,115333,1
2021-02-02,Brazil,54096,2
2021-02-02,Spain,29064,3
2021-02-02,France,23337,4
2021-02-02,UK,16906,5
2021-02-03,US,121641,1
2021-02-03,Brazil,56002,2
2021-02-03,Spain,31596,3
2021-02-03,France,26406,4
2021-02-03,UK,19215,5
2021-02-04,US,123975,1
2021-02-04,Brazil,56873,2
2021-02-04,Spain,29960,3
2021-02-04,UK,20734,4
2021-02-04,Russia,16463,5
2021-02-05,US,134397,1
2021-02-05,Brazil,50872,2
2021-02-05,France,45607,3
2021-02-05,Spain,28565,4
2021-02-05,Mexico,26626,5
2021-02-06,US,103987,1
2021-02-06,France,20588,2
2021-02-06,UK,18363,3
2021-02-06,Russia,16379,4
2021-02-06,Peru,14708,5
2021-02-07,US,89648,1
2021-02-07,Brazil,77475,2
2021-02-07,France,19715,3
2021-02-07,UK,15904,4
2021-02-07,Russia,15808,5
2021-02-08,US,90326,1
2021-02-08,Spain,47095,2
2021-02-08,Russia,15701,3
2021-02-08,UK,14138,4
2021-02-08,India,9110,5
2021-02-09,US,95641,1
2021-02-09,Brazil,74925,2
2021-02-09,France,18886,3
2021-02-09,Spain,16402,4
2021-02-09,Russia,14808,5
2021-02-10,US,95177,1
2021-02-10,Brazil,59602,2
2021-02-10,France,25678,3
2021-02-10,Spain,18114,4
2021-02-10,Russia,14258,5
2021-02-11,US,105760,1
2021-02-11,Brazil,54742,2
2021-02-11,France,21076,3
2021-02-11,Spain,17853,4
2021-02-11,Italy,15137,5
2021-02-12,US,99638,1
2021-02-12,Brazil,51546,2
2021-02-12,France,20709,3
2021-02-12,Peru,15531,4
2021-02-12,UK,15198,5
2021-02-13,US,87122,1
2021-02-13,Brazil,44299,2
2021-02-13,France,21231,3
2021-02-13,Russia,14640,4
2021-02-13,Italy,13523,5
2021-02-14,US,65021,1
2021-02-14,Brazil,24759,2
2021-02-14,France,16546,3
2021-02-14,Peru,14550,4
2021-02-14,Russia,13968,5
2021-02-15,US,54186,1
2021-02-15,Brazil,32197,2
2021-02-15,Spain,30251,3
2021-02-15,Russia,13999,4
2021-02-15,UK,9776,5
2021-02-16,US,62719,1
2021-02-16,Brazil,55271,2
2021-02-16,France,19596,3
2021-02-16,Russia,13030,4
2021-02-16,India,11610,5
2021-02-17,US,70118,1
2021-02-17,Brazil,56766,2
2021-02-17,France,25186,3
2021-02-17,Germany,15107,4
2021-02-17,India,12881,5
2021-02-18,US,69924,1
2021-02-18,Brazil,51879,2
2021-02-18,France,22518,3
2021-02-18,Spain,14515,4
2021-02-18,Italy,13755,5
2021-02-19,US,79297,1
2021-02-19,Brazil,53582,2
2021-02-19,France,24127,3
2021-02-19,Italy,15470,4
2021-02-19,India,13993,5
2021-02-20,US,71525,1
2021-02-20,Brazil,55798,2
2021-02-20,France,22371,3
2021-02-20,Peru,17386,4
2021-02-20,Italy,14914,5
2021-02-21,US,57080,1
2021-02-21,Brazil,29026,2
2021-02-21,France,22046,3
2021-02-21,India,14199,4
2021-02-21,Peru,13786,5
2021-02-22,US,56220,1
2021-02-22,Brazil,26986,2
2021-02-22,Spain,20849,3
2021-02-22,Russia,12455,4
2021-02-22,UK,10659,5
2021-02-23,US,72263,1
2021-02-23,Brazil,62715,2
2021-02-23,France,20180,3
2021-02-23,India,13742,4
2021-02-23,Italy,13299,5
2021-02-24,US,74732,1
2021-02-24,Brazil,66588,2
2021-02-24,France,31527,3
2021-02-24,India,16738,4
2021-02-24,Italy,16402,5
2021-02-25,US,77501,1
2021-02-25,Brazil,65998,2
2021-02-25,France,25414,3
2021-02-25,Italy,19871,4
2021-02-25,India,16577,5
2021-02-26,US,77346,1
2021-02-26,Brazil,65169,2
2021-02-26,France,25216,3
2021-02-26,Italy,20488,4
2021-02-26,India,16488,5
2021-02-27,US,64575,1
2021-02-27,Brazil,61602,2
2021-02-27,France,23996,3
2021-02-27,Italy,18902,4
2021-02-27,India,16752,5
2021-02-28,US,51357,1
2021-02-28,Brazil,34027,2
2021-02-28,France,19952,3
2021-02-28,Italy,17440,4
2021-02-28,India,15510,5
2021-03-01,US,58229,1
2021-03-01,Brazil,35742,2
2021-03-01,Spain,15978,3
2021-03-01,Italy,13106,4
2021-03-01,India,12286,5
2021-03-02,Brazil,59925,1
2021-03-02,US,57060,2
2021-03-02,France,22872,3
2021-03-02,Peru,21934,4
2021-03-02,Italy,17063,5
2021-03-03,Brazil,71704,1
2021-03-03,US,67193,2
2021-03-03,France,26903,3
2021-03-03,Italy,20840,4
2021-03-03,India,17407,5
2021-03-04,Brazil,75102,1
2021-03-04,US,68051,2
2021-03-04,France,25286,3
2021-03-04,Italy,22845,4
2021-03-04,India,16838,5
2021-03-05,Brazil,75495,1
2021-03-05,US,66451,2
2021-03-05,Italy,24010,3
2021-03-05,France,23507,4
2021-03-05,India,18284,5
2021-03-06,Brazil,69609,1
2021-03-06,US,58203,2
2021-03-06,Italy,23633,3
2021-03-06,France,23306,4
2021-03-06,India,18754,5
2021-03-07,Brazil,80508,1
2021-03-07,US,41007,2
2021-03-07,France,21835,3
2021-03-07,Italy,20724,4
2021-03-07,India,18599,5
2021-03-08,US,45036,1
2021-03-08,Brazil,32321,2
2021-03-08,India,15388,3
2021-03-08,Italy,13882,4
2021-03-08,Turkey,13215,5
2021-03-09,Brazil,70764,1
2021-03-09,US,57642,2
2021-03-09,France,23143,3
2021-03-09,Italy,19725,4
2021-03-09,India,17921,5
2021-03-10,Brazil,79986,1
2021-03-10,US,57920,2
2021-03-10,France,29674,3
2021-03-10,India,22854,4
2021-03-10,Italy,22275,5
2021-03-11,Brazil,75412,1
2021-03-11,US,62474,2
2021-03-11,France,28129,3
2021-03-11,Italy,25649,4
2021-03-11,India,23285,5
2021-03-12,Brazil,85663,1
2021-03-12,US,61523,2
2021-03-12,Italy,26790,3
2021-03-12,France,25177,4
2021-03-12,India,24882,5
2021-03-13,Brazil,76178,1
2021-03-13,US,52965,2
2021-03-13,France,29792,3
2021-03-13,Italy,26031,4
2021-03-13,India,25320,5
2021-03-14,Brazil,43812,1
2021-03-14,US,38221,2
2021-03-14,France,26347,3
2021-03-14,India,26291,4
2021-03-14,Italy,21304,5
2021-03-15,US,56666,1
2021-03-15,Brazil,36239,2
2021-03-15,India,24492,3
2021-03-15,Turkey,15503,4
2021-03-15,Italy,15252,5
2021-03-16,Brazil,83926,1
2021-03-16,US,53957,2
2021-03-16,France,30066,3
2021-03-16,India,28903,4
2021-03-16,Italy,20376,5
2021-03-17,Brazil,90303,1
2021-03-17,US,59136,2
2021-03-17,France,38501,3
2021-03-17,India,35871,4
2021-03-17,Poland,25053,5
2021-03-18,Brazil,86982,1
2021-03-18,US,60538,2
2021-03-18,India,39726,3
2021-03-18,France,35061,4
2021-03-18,Germany,28656,5
2021-03-19,Brazil,90570,1
2021-03-19,US,61629,2
2021-03-19,India,40953,3
2021-03-19,France,35198,4
2021-03-19,Poland,25996,5
2021-03-20,Brazil,79069,1
2021-03-20,US,55374,2
2021-03-20,India,43846,3
2021-03-20,France,35339,4
2021-03-20,Poland,26456,5
2021-03-21,Brazil,47774,1
2021-03-21,India,46951,2
2021-03-21,US,33768,3
2021-03-21,France,30587,4
2021-03-21,Peru,25181,5
2021-03-22,US,51593,1
2021-03-22,Brazil,49293,2
2021-03-22,India,40715,3
2021-03-22,Italy,24501,4
2021-03-22,Turkey,22216,5
2021-03-23,Brazil,82493,1
2021-03-23,US,53603,2
2021-03-23,India,47262,3
2021-03-23,Turkey,26182,4
2021-03-23,Germany,20969,5
2021-03-24,Brazil,89992,1
2021-03-24,US,86960,2
2021-03-24,France,65392,3
2021-03-24,India,53476,4
2021-03-24,Poland,30802,5
2021-03-25,Brazil,100158,1
2021-03-25,US,67465,2
2021-03-25,India,59118,3
2021-03-25,France,45660,4
2021-03-25,Poland,34150,5
2021-03-26,Brazil,84245,1
2021-03-26,US,77321,2
2021-03-26,India,62258,3
2021-03-26,France,41871,4
2021-03-26,Poland,35145,5
2021-03-27,Brazil,85948,1
2021-03-27,India,62714,2
2021-03-27,US,62700,3
2021-03-27,France,42634,4
2021-03-27,Poland,31759,5
2021-03-28,India,68020,1
2021-03-28,Brazil,44326,2
2021-03-28,US,43097,3
2021-03-28,France,37021,4
2021-03-28,Poland,29266,5
2021-03-29,US,69429,1
2021-03-29,India,56211,2
2021-03-29,Brazil,38927,3
2021-03-29,Turkey,32404,4
2021-03-29,Poland,16973,5
2021-03-30,Brazil,84494,1
2021-03-30,US,61249,2
2021-03-30,India,53480,3
2021-03-30,Turkey,37303,4
2021-03-30,France,30719,5
2021-03-31,Brazil,90638,1
2021-03-31,India,72330,2
2021-03-31,US,67039,3
2021-03-31,France,59054,4
2021-03-31,Turkey,39302,5
2021-04-01,Brazil,91097,1
2021-04-01,India,81466,2
2021-04-01,US,79045,3
2021-04-01,France,50711,4
2021-04-01,Turkey,40806,5
2021-04-02,India,89129,1
2021-04-02,Brazil,70238,2
2021-04-02,US,69831,3
2021-04-02,France,46808,4
2021-04-02,Turkey,42308,5
2021-04-03,India,93249,1
2021-04-03,US,63067,2
2021-04-03,Turkey,44756,3
2021-04-03,Brazil,43515,4
2021-04-03,Poland,28073,5
2021-04-04,India,103558,1
2021-04-04,France,80629,2
2021-04-04,Turkey,41998,3
2021-04-04,US,34972,4
2021-04-04,Brazil,31359,5
2021-04-05,India,96982,1
2021-04-05,US,77679,2
2021-04-05,Turkey,42551,3
2021-04-05,Brazil,28645,4
2021-04-05,Peru,16248,5
2021-04-06,India,115736,1
2021-04-06,Brazil,86979,2
2021-04-06,US,61838,3
2021-04-06,Turkey,49584,4
2021-04-06,Sweden,21802,5
2021-04-07,India,126789,1
2021-04-07,Brazil,92625,2
2021-04-07,US,75038,3
2021-04-07,Turkey,54740,4
2021-04-07,Germany,30377,5
2021-04-08,India,131968,1
2021-04-08,France,97170,2
2021-04-08,Brazil,86652,3
2021-04-08,US,79878,4
2021-04-08,Turkey,55941,5
2021-04-09,India,145384,1
2021-04-09,Brazil,93317,2
2021-04-09,US,82698,3
2021-04-09,Turkey,55791,4
2021-04-09,Poland,28499,5
2021-04-10,India,152879,1
2021-04-10,Brazil,71832,2
2021-04-10,US,66535,3
2021-04-10,Turkey,52676,4
2021-04-10,Poland,24892,5
2021-04-11,India,168912,1
2021-04-11,France,117900,2
2021-04-11,Turkey,50678,3
2021-04-11,US,46380,4
2021-04-11,Brazil,37017,5
2021-04-12,India,161736,1
2021-04-12,US,70230,2
2021-04-12,Turkey,54562,3
2021-04-12,Brazil,35785,4
2021-04-12,Iran,23311,5
2021-04-13,India,184372,1
2021-04-13,Brazil,82186,2
2021-04-13,US,77878,3
2021-04-13,Turkey,59187,4
2021-04-13,France,39125,5
2021-04-14,India,200739,1
2021-04-14,US,75375,2
2021-04-14,Brazil,73513,3
2021-04-14,Turkey,62797,4
2021-04-14,France,43507,5
2021-04-15,India,217353,1
2021-04-15,US,74289,2
2021-04-15,Brazil,73174,3
2021-04-15,Turkey,61400,4
2021-04-15,France,38081,5
2021-04-16,India,234692,1
2021-04-16,Brazil,85774,2
2021-04-16,US,79991,3
2021-04-16,Turkey,63082,4
2021-04-16,France,36451,5
2021-04-17,India,261394,1
2021-04-17,Brazil,67636,2
2021-04-17,Turkey,62606,3
2021-04-17,US,60865,4
2021-04-17,France,35872,5
2021-04-18,India,273802,1
2021-04-18,Turkey,55802,2
2021-04-18,Brazil,42980,3
2021-04-18,US,42018,4
2021-04-18,France,29345,5
2021-04-19,India,259167,1
2021-04-19,US,67933,2
2021-04-19,Turkey,55149,3
2021-04-19,Brazil,30624,4
2021-04-19,Iran,24346,5
2021-04-20,India,295158,1
2021-04-20,Brazil,69381,2
2021-04-20,US,61273,3
2021-04-20,Turkey,61028,4
2021-04-20,France,44076,5
2021-04-21,India,314644,1
2021-04-21,Brazil,79719,2
2021-04-21,US,62857,3
2021-04-21,Turkey,61967,4
2021-04-21,France,34924,5
2021-04-22,India,332921,1
2021-04-22,US,67257,2
2021-04-22,Turkey,54791,3
2021-04-22,Brazil,45178,4
2021-04-22,France,33445,5
2021-04-23,India,346786,1
2021-04-23,Brazil,69105,2
2021-04-23,US,62399,3
2021-04-23,Turkey,49438,4
2021-04-23,France,32340,5
2021-04-24,India,349691,1
2021-04-24,Brazil,71137,2
2021-04-24,US,53363,3
2021-04-24,Turkey,40596,4
2021-04-24,France,32642,5
2021-04-25,India,352991,1
2021-04-25,Turkey,38553,2
2021-04-25,Brazil,32572,3
2021-04-25,US,32065,4
2021-04-25,France,24465,5
2021-04-26,India,323023,1
2021-04-26,US,56696,2
2021-04-26,Turkey,37312,3
2021-04-26,Brazil,28636,4
2021-04-26,Iran,21026,5
2021-04-27,India,360927,1
2021-04-27,Brazil,72140,2
2021-04-27,US,50856,3
2021-04-27,Turkey,43301,4
2021-04-27,France,30323,5
2021-04-28,India,379308,1
2021-04-28,Brazil,79726,2
2021-04-28,US,55125,3
2021-04-28,Turkey,40444,4
2021-04-28,France,31582,5
2021-04-29,India,386555,1
2021-04-29,Brazil,69389,2
2021-04-29,US,58199,3
2021-04-29,Turkey,37674,4
2021-04-29,France,26548,5
2021-04-30,India,401993,1
2021-04-30,Brazil,68333,2
2021-04-30,US,57922,3
2021-04-30,Turkey,31891,4
2021-04-30,Peru,24383,5
2021-05-01,India,392488,1
2021-05-01,Brazil,66964,2
2021-05-01,US,45303,3
2021-05-01,Turkey,28817,4
2021-05-01,France,25670,5
2021-05-02,India,368060,1
2021-05-02,US,29367,2
2021-05-02,Brazil,28935,3
2021-05-02,Turkey,25980,4
2021-05-02,Iran,18698,5
2021-05-03,India,357316,1
2021-05-03,US,50560,2
2021-05-03,Turkey,24733,3
2021-05-03,Brazil,24619,4
2021-05-03,Iran,20732,5
2021-05-04,India,382146,1
2021-05-04,Brazil,77359,2
2021-05-04,US,40733,3
2021-05-04,Turkey,28997,4
2021-05-04,Argentina,26238,5
2021-05-05,India,412431,1
2021-05-05,Brazil,73295,2
2021-05-05,US,44735,3
2021-05-05,Turkey,26476,4
2021-05-05,France,26004,5
2021-05-06,India,414188,1
2021-05-06,Brazil,73380,2
2021-05-06,US,47514,3
2021-05-06,Argentina,24086,4
2021-05-06,Turkey,22388,5
2021-05-07,India,401078,1
2021-05-07,Brazil,78886,2
2021-05-07,US,47289,3
2021-05-07,Argentina,22552,4
2021-05-07,Turkey,20107,5
2021-05-08,India,403405,1
2021-05-08,Brazil,63430,2
2021-05-08,US,34493,3
2021-05-08,France,20745,4
2021-05-08,Peru,20599,5
2021-05-09,India,366494,1
2021-05-09,Brazil,38911,2
2021-05-09,US,21392,3
2021-05-09,Colombia,17222,4
2021-05-09,Turkey,15191,5
2021-05-10,India,329942,1
2021-05-10,US,36898,2
2021-05-10,Brazil,25200,3
2021-05-10,Iran,18408,4
2021-05-10,Argentina,17381,5
2021-05-11,India,348421,1
2021-05-11,Brazil,72715,2
2021-05-11,US,33651,3
2021-05-11,Argentina,25976,4
2021-05-11,France,19791,5
2021-05-12,India,362727,1
2021-05-12,Brazil,76692,2
2021-05-12,US,35878,3
2021-05-12,Argentina,24475,4
2021-05-12,France,21498,5
2021-05-13,India,343144,1
2021-05-13,Brazil,74592,2
2021-05-13,US,38108,3
2021-05-13,Argentina,26531,4
2021-05-13,Germany,22570,5
2021-05-14,India,326098,1
2021-05-14,Brazil,85536,2
2021-05-14,US,42298,3
2021-05-14,Argentina,27363,4
2021-05-14,Colombia,16581,5
2021-05-15,India,311170,1
2021-05-15,Brazil,67009,2
2021-05-15,US,28813,3
2021-05-15,Argentina,21469,4
2021-05-15,Colombia,18873,5
2021-05-16,India,281386,1
2021-05-16,Brazil,40709,2
2021-05-16,US,16864,3
2021-05-16,Argentina,16350,4
2021-05-16,Colombia,15093,5
2021-05-17,India,263533,1
2021-05-17,Brazil,30148,2
2021-05-17,Argentina,28680,3
2021-05-17,US,28666,4
2021-05-17,Iran,14319,5
2021-05-18,India,267334,1
2021-05-18,Brazil,75445,2
2021-05-18,Argentina,35543,3
2021-05-18,US,27819,4
2021-05-18,France,17223,5
2021-05-19,India,276110,1
2021-05-19,Brazil,79219,2
2021-05-19,Argentina,39652,3
2021-05-19,US,29293,4
2021-05-19,France,19057,5
2021-05-20,India,259551,1
2021-05-20,Brazil,82039,2
2021-05-20,Argentina,35884,3
2021-05-20,US,30141,4
2021-05-20,Colombia,16086,5
2021-05-21,India,257299,1
2021-05-21,Brazil,76855,2
2021-05-21,Argentina,35468,3
2021-05-21,US,28341,4
2021-05-21,Colombia,14838,5
2021-05-22,India,240842,1
2021-05-22,Brazil,76490,2
2021-05-22,Argentina,32171,3
2021-05-22,US,19778,4
2021-05-22,Colombia,18737,5
2021-05-23,India,222315,1
2021-05-23,Brazil,35819,2
2021-05-23,Argentina,24801,3
2021-05-23,Colombia,21669,4
2021-05-23,US,12853,5
2021-05-24,India,196427,1
2021-05-24,Brazil,37498,2
2021-05-24,US,25925,3
2021-05-24,Argentina,22651,4
2021-05-24,Colombia,16977,5
2021-05-25,India,208921,1
2021-05-25,Brazil,73453,2
2021-05-25,Argentina,24601,3
2021-05-25,US,22756,4
2021-05-25,Colombia,21181,5
2021-05-26,India,211298,1
2021-05-26,Brazil,80486,2
2021-05-26,Argentina,35399,3
2021-05-26,US,24052,4
2021-05-26,Colombia,23487,5
2021-05-27,India,186364,1
2021-05-27,Brazil,67467,2
2021-05-27,Argentina,41080,3
2021-05-27,US,27525,4
2021-05-27,Colombia,25092,5
2021-05-28,India,173790,1
2021-05-28,Brazil,49768,2
2021-05-28,Argentina,39207,3
2021-05-28,Colombia,23374,4
2021-05-28,US,21968,5
2021-05-29,India,165553,1
2021-05-29,Brazil,79670,2
2021-05-29,Argentina,29841,3
2021-05-29,Colombia,20494,4
2021-05-29,US,11976,5
